17.10.2018,100.00,prazdnichnyi keks
17.10.2018,256.00,prazdnichnyi keks
18.10.2018,80.00,sok fruktovyi sad
18.10.2018,10.40,fruktovyi led
18.10.2018,256.00,pradnichnyi keks
18.10.2018,150.00,pradnichnyi keks
18.10.2018,150.00,pradnichnyi keks
18.10.2018,150.00,pradnichnyi keks
18.10.2018,150.00,pradnichnyi keks
18.10.2018,150.00,pradnichnyi keks
18.10.2018,150.00,pradnichnyi keks
18.10.2018,110.00,pradnichnyi keks
18.10.2018,110.00,pradnichnyi keks
18.10.2018,1000.00,pradnichnyi keks
18.10.2018,1000.00,pradnichnyi keks
18.10.2018,1000.00,pradnichnyi keks
18.10.2018,1000.00,pradnichnyi keks
18.10.2018,1000.00,pradnichnyi keks
18.10.2018,1000.00,pradnichnyi keks
18.10.2018,1000.00,pradnichnyi keks
18.10.2018,1000.00,pradnichnyi keks
18.10.2018,1000.00,pradnichnyi keks
18.10.2018,1000.00,pradnichnyi keks
18.10.2018,1000.00,pradnichnyi keks
18.10.2018,1000.00,pradnichnyi keks
18.10.2018,1000.00,pradnichnyi keks
18.10.2018,1000.00,pradnichnyi keks
18.10.2018,1000.00,pradnichnyi keks
18.10.2018,1000.00,pradnichnyi keks
18.10.2018,500.00,pradnichnyi keks
18.10.2018,500.00,pradnichnyi keks
18.10.2018,500.00,pradnichnyi keks
18.10.2018,500.00,pradnichnyi keks
18.10.2018,500.00,pradnichnyi keks
18.10.2018,500.00,pradnichnyi keks
18.10.2018,500.00,pradnichnyi keks
18.10.2018,500.00,pradnichnyi keks
